<?xml version="1.0" encoding="iso-8859-1" standalone="yes"?>
<testmodule title="HGT_PK-Diagnostics" version="">


			
<testgroup title="TSU_PK_HGT_DVPVTest_Anchor">

<capltestcase name="TCS_PK_HGT_AnchorUDSServer_ReadDataByIdentifier_DIDF188_100453"></capltestcase>
<capltestcase name="TCS_PK_HGT_AnchorUDSServer_ReadDataByIdentifier_DIDFE09_PrimaryChipLifeCycle_App_ExtendedSession_0x61SecurityLevel_26436"></capltestcase>
<capltestcase name="TCS_PK_HGT_AnchorUDSServer_ReadDataByIdentifier_DIDFE34_BLEResetCount_App_ExtendedSession_0x61SecurityLevel_29329"></capltestcase>
<capltestcase name="TCS_PK_HGT_AnchorUDSServer_ReadDataByIdentifier_DIDFE35_BLEResetCause_App_ExtendedSession_0x61SecurityLevel_33080"></capltestcase>
<capltestcase name="TCS_PK_HGT_AnchorUDSServer_ReadDataByIdentifier_DIDFE43_BLEResolvablePrivateAddress_App_ExtendedSession_0x61SecurityLevel_27596"></capltestcase>
<capltestcase name="TCS_PK_HGT_AnchorUDSServer_ReadDataByIdentifier_DIDFE61_BoschECU_SerialNumber_30162"></capltestcase>
<capltestcase name="TCS_PK_HGT_AnchorUDSServer_ReadDataByIdentifier_DIDFED8_ECUType_63798"></capltestcase>
<capltestcase name="TCS_PK_HGT_AnchorUDSServer_WriteDataByIdentifier_DIDFED9_PositionIdx_ExtendedSession_0x61Level_30017"></capltestcase>
<capltestcase name="TCS_PK_HGT_AnchorUDSServer_RoutineControl_RIDFB42_SerialNumberBroadcast_ExtendedSession_NoSecurityLeve_And_SecurityLevel_27413"></capltestcase>
<capltestcase name="TCS_HGT_PK_AnchorUDSServer_RoutineControl_RIDFB3B_SetUWBChipLifecycleToAnalysis_103987"></capltestcase>
<capltestcase name="TCS_PK_HGT_AnchorUDSServer_ReadDataByIdentifier_DIDF18C_ECUSerialNumberDataIdentifier_App_DefaultSession_31918"></capltestcase>
<capltestcase name="TCS_PK_HGT_AnchorUDSServer_ReadDataByIdentifier_DIDF18C_ECUSerialNumberDataIdentifier_App_ExtendedSession_31924"></capltestcase>
<capltestcase name="TCS_PK_HGT_AnchorUDSServer_ReadDataByIdentifier_DIDF18C_ECUSerialNumberDataIdentifier_Fbl_ProgrammingSession_31930"></capltestcase>
<capltestcase name="TCS_PK_HGT_AnchorUDSServer_ReadDataByIdentifier_F192_System_Supplier_ECU_Hardware_Number_Data_Identifier_32546"></capltestcase>
<capltestcase name="TCS_PK_HGT_AnchorUDSServer_ReadDataByIdentifier_DIDF195_App_DefaultSession_28039"></capltestcase>
<capltestcase name="TCS_PK_HGT_AnchorUDSServer_ReadDataByIdentifier_DIDF195_App_ExtendedSession_NoSecurityLevel_26205"></capltestcase>
<capltestcase name="TCS_PK_HGT_AnchorUDSServer_ReadDataByIdentifier_DIDF195_Fbl_ProgrammingSession_0x61SecurityLevel_28774"></capltestcase>
<capltestcase name="TCS_PK_HGT_AnchorUDSServer_ReadDataByIdentifier_DIDF181_App_DefaultSession_31709"></capltestcase>
<capltestcase name="TCS_PK_HGT_AnchorUDSServer_ReadDataByIdentifier_DIDF181_App_ExtendedSession_NoSecurityLevel_31727"></capltestcase>

<capltestcase name="TCS_PK_HGT_AnchorUDSServer_ReadDataByIdentifier_DIDF180_App_DefaultSession_31685"></capltestcase>
<capltestcase name="TCS_PK_HGT_AnchorUDSServer_ReadDataByIdentifier_DIDF180_App_ExtendedSession_NoSecurityLevel_31703"></capltestcase>
<capltestcase name="TCS_PK_HGT_AnchorUDSServer_ReadDataByIdentifier_DIDF180_Fbl_ProgrammingSession_0x61SecurityLevel_31691"></capltestcase>

<capltestcase name="TCS_PK_HGT_AnchorUDSServer_ReadDataByIdentifier_DIDF188_Fbl_ExtendedSession_NoSecurityLevel_32460"></capltestcase>
<capltestcase name="TCS_PK_HGT_AnchorUDSServer_ReadDataByIdentifier_DIDFE30_App_DefaultSession_27984"></capltestcase>
<capltestcase name="TCS_PK_HGT_AnchorUDSServer_ReadDataByIdentifier_DIDFE30_App_ExtendedSession_NoSecurityLevel_26714"></capltestcase>
<capltestcase name="TCS_PK_HGT_AnchorUDSServer_ReadDataByIdentifier_DIDFE30_Fbl_ProgrammingSession_0x61SecurityLevel_30456"></capltestcase>
<capltestcase name="TCS_PK_HGT_AnchorUDSServer_ReadDataByIdentifier_DIDFE30_Fbl_ExtendedSession_NoSecurityLevel_27590"></capltestcase>
<capltestcase name="TCS_PK_HGT_AnchorUDSServer_WriteDataByIdentifier_DIDFE07_CANIdx_ExtendedSession_0x61Level_27244"></capltestcase>
<capltestcase name="TCS_PK_HGT_AnchorUDS_Supported_Diagnostic_103668"></capltestcase>
<capltestcase name="TCS_PK_HGT_DVPVTest_Anchor_ReadWriteBleAddress_FE03_25477"></capltestcase>
<capltestcase name="TCS_PK_HGT_AnchorUDSServer_ReadDTCInformation_SFID0x0A_App_DefaultSession_31289"></capltestcase>
<capltestcase name="TCS_PK_HGT_AnchorUDSServer_ClearDiagnosticInformation_App_ExtendedSession_NoSecurityLevel_30499"></capltestcase>
<capltestcase name="TCS_PK_HGT_DVPVTest_Anchor_EnterFastSleep_FA05_32491"></capltestcase>
<capltestcase name="TCS_PK_HGT_AnchorUDSServer_RoutineControl_RIDFA01_BLERxSensitivityTest_ExtendedSession_0x61SecurityLevel_26285"></capltestcase>
<capltestcase name="TCS_PK_HGT_AnchorUDSServer_RoutineControl_RIDFA02_BLETxPowerTest_ExtendedSession_0x61SecurityLevel_25670"></capltestcase>
<capltestcase name="TCS_PK_HGT_DVPVTest_Anchor_FEA4_RFTestMode_30060"></capltestcase>
<capltestcase name="TCS_PK_HGT_AnchorUDSServer_ReadDataByIdentifier_DIDFE13_UWBChipVersion_App_ExtendedSession_0x61SecurityLevel_32018"></capltestcase>
<capltestcase name="TCS_PK_HGT_AnchorUDSServer_WriteDataByIdentifier_DIDFEB2_ExtendedSession_0x61SecurityLevel_29997"></capltestcase>
<capltestcase name="TCS_PK_HGT_AnchorUDSServer_RoutineControl_RIDFA0B_CarrierWaveMode_ExtendedSession_0x61SecurityLevel_32815"></capltestcase>
<capltestcase name="TCS_PK_HGT_AnchorUDSServer_RoutineControl_RIDFA08_uwbFramesTx_ExtendedSession_0x61SecurityLevel_26322"></capltestcase>
<capltestcase name="TCS_PK_HGT_AnchorUDSServer_RoutineControl_RIDFA09_uwbFramesRx_ExtendedSession_0x61SecurityLevel_30168"></capltestcase>
<capltestcase name="TCS_PK_HGT_AnchorUDSServer_RoutineControl_NRC13_RIDFB38_App_ExtendedSession_0x61SecurityLevel_25783"></capltestcase>
<capltestcase name="TCS_PK_HGT_AnchorUDSServer_RoutineControl_RIDFB36_SetPrimaryChipLifecycleToAnalysis_103990"></capltestcase>





</testgroup>
	

</testmodule>