<?xml version="1.0" encoding="iso-8859-1" standalone="yes"?>
<testmodule title="HGT_PK-Diagnostics" version="">


			
<testgroup title="TSU_PK_HGT_AnchorUDSServer_ReadDataByIdentifier_NRC31">

<capltestcase name="TCS_PK_HGT_AnchorUDSServer_ReadDataByIdentifier_NRC31_BLEDIDs_App_ExtendedSession_0x61SecurityLevel_27068"></capltestcase>
<capltestcase name="TCS_PK_HGT_AnchorUDSServer_ReadDataByIdentifier_NRC31_DIDF188_Fbl_DefaultSession_32389"></capltestcase>
<capltestcase name="TCS_PK_HGT_AnchorUDSServer_ReadDataByIdentifier_NRC31_DIDF188_Fbl_ProgrammingSession_NoSecurityLevel_32485"></capltestcase>
<capltestcase name="TCS_PK_HGT_AnchorUDSServer_ReadDataByIdentifier_NRC31_DIDFE03_BLEAddress_App_DefaultSession_32260"></capltestcase>
<capltestcase name="TCS_PK_HGT_AnchorUDSServer_ReadDataByIdentifier_NRC31_DIDFE03_BLEAddress_Fbl_DefaultSession_26649"></capltestcase>
<capltestcase name="TCS_PK_HGT_AnchorUDSServer_ReadDataByIdentifier_NRC31_DIDFE03_BLEAddress_Fbl_ExtendedSession_NoSecurityLevel_28201"></capltestcase>
<capltestcase name="TCS_PK_HGT_AnchorUDSServer_ReadDataByIdentifier_NRC31_DIDFE03_BLEAddress_Fbl_ProgrammingSession_NoSecurityLevel_31185"></capltestcase>
<capltestcase name="TCS_PK_HGT_AnchorUDSServer_ReadDataByIdentifier_NRC31_DIDFE04_BoschEOLLock_App_DefaultSession_26217"></capltestcase>
<capltestcase name="TCS_PK_HGT_AnchorUDSServer_ReadDataByIdentifier_NRC31_DIDFE04_BoschEOLLock_Fbl_DefaultSession_30696"></capltestcase>
<capltestcase name="TCS_PK_HGT_AnchorUDSServer_ReadDataByIdentifier_NRC31_DIDFE04_BoschEOLLock_Fbl_ExtendedSession_NoSecurity_32311"></capltestcase>
<capltestcase name="TCS_PK_HGT_AnchorUDSServer_ReadDataByIdentifier_NRC31_DIDFE04_BoschEOLLock_Fbl_ProgrammingSession_NoSecurityLevel_29552"></capltestcase>
<capltestcase name="TCS_PK_HGT_AnchorUDSServer_ReadDataByIdentifier_NRC31_DIDFE05_TimeSinceResetUWB_App_DefaultSession_29242"></capltestcase>
<capltestcase name="TCS_PK_HGT_AnchorUDSServer_ReadDataByIdentifier_NRC31_DIDFE05_TimeSinceResetUWB_Fbl_DefaultSession_30375"></capltestcase>
<capltestcase name="TCS_PK_HGT_AnchorUDSServer_ReadDataByIdentifier_NRC31_DIDFE05_TimeSinceResetUWB_Fbl_ExtendedSession_NoSecurityLevel_31639"></capltestcase>
<capltestcase name="TCS_PK_HGT_AnchorUDSServer_ReadDataByIdentifier_NRC31_DIDFE05_TimeSinceResetUWB_Fbl_ProgrammingSession_NoSecurityLevel_28838"></capltestcase>
<capltestcase name="TCS_PK_HGT_AnchorUDSServer_ReadDataByIdentifier_NRC31_DIDFE06_TimeSinceReset_App_DefaultSession_25820"></capltestcase>
<capltestcase name="TCS_PK_HGT_AnchorUDSServer_ReadDataByIdentifier_NRC31_DIDFE06_TimeSinceReset_Fbl_DefaultSession_29400"></capltestcase>
<capltestcase name="TCS_PK_HGT_AnchorUDSServer_ReadDataByIdentifier_NRC31_DIDFE06_TimeSinceReset_Fbl_ExtendedSession_NoSecurityLevel_30474"></capltestcase>
<capltestcase name="TCS_PK_HGT_AnchorUDSServer_ReadDataByIdentifier_NRC31_DIDFE06_TimeSinceReset_Fbl_ProgrammingSession_NoSecurityLevel_26292"></capltestcase>
<capltestcase name="TCS_PK_HGT_AnchorUDSServer_ReadDataByIdentifier_NRC31_DIDFE07_CANIdx_App_DefaultSession_30994"></capltestcase>
<capltestcase name="TCS_PK_HGT_AnchorUDSServer_ReadDataByIdentifier_NRC31_DIDFE07_CANIdx_Fbl_DefaultSession_27218"></capltestcase>
<capltestcase name="TCS_PK_HGT_AnchorUDSServer_ReadDataByIdentifier_NRC31_DIDFE07_CANIdx_Fbl_ExtendedSession_NoSecurityLevel_27971"></capltestcase>
<capltestcase name="TCS_PK_HGT_AnchorUDSServer_ReadDataByIdentifier_NRC31_DIDFE07_CANIdx_Fbl_ProgrammingSession_NoSecurityLevel_30968"></capltestcase>
<capltestcase name="TCS_PK_HGT_AnchorUDSServer_ReadDataByIdentifier_NRC31_DIDFE09_PrimaryChipLifeCycle_App_DefaultSession_26708"></capltestcase>
<capltestcase name="TCS_PK_HGT_AnchorUDSServer_ReadDataByIdentifier_NRC31_DIDFE09_PrimaryChipLifeCycle_Fbl_DefaultSession_32635"></capltestcase>
<capltestcase name="TCS_PK_HGT_AnchorUDSServer_ReadDataByIdentifier_NRC31_DIDFE09_PrimaryChipLifeCycle_Fbl_ExtendedSession_NoSecurityLevel_25902"></capltestcase>
<capltestcase name="TCS_PK_HGT_AnchorUDSServer_ReadDataByIdentifier_NRC31_DIDFE09_PrimaryChipLifeCycle_Fbl_ProgrammingSession_NoSecurityLevel_27695"></capltestcase>
<capltestcase name="TCS_PK_HGT_AnchorUDSServer_ReadDataByIdentifier_NRC31_DIDFE0B_R4ExtUwbDiag_App_DefaultSession_25863"></capltestcase>
<capltestcase name="TCS_PK_HGT_AnchorUDSServer_ReadDataByIdentifier_NRC31_DIDFE0B_R4ExtUwbDiag_Fbl_DefaultSession_30563"></capltestcase>
<capltestcase name="TCS_PK_HGT_AnchorUDSServer_ReadDataByIdentifier_NRC31_DIDFE0B_R4ExtUwbDiag_Fbl_ExtendedSession_NoSecurityLevel_31621"></capltestcase>
<capltestcase name="TCS_PK_HGT_AnchorUDSServer_ReadDataByIdentifier_NRC31_DIDFE0B_R4ExtUwbDiag_Fbl_ProgrammingSession_NoSecurityLevel_26978"></capltestcase>
<capltestcase name="TCS_PK_HGT_AnchorUDSServer_ReadDataByIdentifier_NRC31_DIDFE0E_SupplyVoltage_App_DefaultSession_30937"></capltestcase>
<capltestcase name="TCS_PK_HGT_AnchorUDSServer_ReadDataByIdentifier_NRC31_DIDFE0E_SupplyVoltage_Fbl_DefaultSession_27934"></capltestcase>
<capltestcase name="TCS_PK_HGT_AnchorUDSServer_ReadDataByIdentifier_NRC31_DIDFE0E_SupplyVoltage_Fbl_ExtendedSession_NoSecurityLevel_29335"></capltestcase>
<capltestcase name="TCS_PK_HGT_AnchorUDSServer_ReadDataByIdentifier_NRC31_DIDFE0E_SupplyVoltage_Fbl_ProgrammingSession_NoSecurityLevel_30974"></capltestcase>
<capltestcase name="TCS_PK_HGT_AnchorUDSServer_ReadDataByIdentifier_NRC31_DIDFE0F_TotalNumDETErrors_App_DefaultSession_28858"></capltestcase>
<capltestcase name="TCS_PK_HGT_AnchorUDSServer_ReadDataByIdentifier_NRC31_DIDFE0F_TotalNumDETErrors_Fbl_DefaultSession_33012"></capltestcase>
<capltestcase name="TCS_PK_HGT_AnchorUDSServer_ReadDataByIdentifier_NRC31_DIDFE0F_TotalNumDETErrors_Fbl_ExtendedSession_NoSecurityLevel_26242"></capltestcase>
<capltestcase name="TCS_PK_HGT_AnchorUDSServer_ReadDataByIdentifier_NRC31_DIDFE0F_TotalNumDETErrors_Fbl_ProgrammingSession_NoSecurityLevel_29553"></capltestcase>
<capltestcase name="TCS_PK_HGT_AnchorUDSServer_ReadDataByIdentifier_NRC31_DIDFE11_SWInformation_App_DefaultSession_30956"></capltestcase>
<capltestcase name="TCS_PK_HGT_AnchorUDSServer_ReadDataByIdentifier_NRC31_DIDFE11_SWInformation_Fbl_DefaultSession_29759"></capltestcase>
<capltestcase name="TCS_PK_HGT_AnchorUDSServer_ReadDataByIdentifier_NRC31_DIDFE13_UWBChipVersion_App_DefaultSession_30950"></capltestcase>
<capltestcase name="TCS_PK_HGT_AnchorUDSServer_ReadDataByIdentifier_NRC31_DIDFE13_UWBChipVersion_Fbl_DefaultSession_25695"></capltestcase>
<capltestcase name="TCS_PK_HGT_AnchorUDSServer_ReadDataByIdentifier_NRC31_DIDFE13_UWBChipVersion_Fbl_ExtendedSession_NoSecurityLevel_25845"></capltestcase>
<capltestcase name="TCS_PK_HGT_AnchorUDSServer_ReadDataByIdentifier_NRC31_DIDFE13_UWBChipVersion_Fbl_ProgrammingSession_NoSecurityLevel_30943"></capltestcase>
<capltestcase name="TCS_PK_HGT_AnchorUDSServer_ReadDataByIdentifier_NRC31_DIDFE14_SourceControlCommitID_App_DefaultSession_30906"></capltestcase>
<capltestcase name="TCS_PK_HGT_AnchorUDSServer_ReadDataByIdentifier_NRC31_DIDFE14_SourceControlCommitID_Fbl_DefaultSession_28304"></capltestcase>
<capltestcase name="TCS_PK_HGT_AnchorUDSServer_ReadDataByIdentifier_NRC31_DIDFE14_SourceControlCommitID_Fbl_ProgrammingSession_NoSecurityLevel_30919"></capltestcase>
<capltestcase name="TCS_PK_HGT_AnchorUDSServer_ReadDataByIdentifier_NRC31_DIDFE19_UWBChipLifeCycle_App_DefaultSession_26990"></capltestcase>
<capltestcase name="TCS_PK_HGT_AnchorUDSServer_ReadDataByIdentifier_NRC31_DIDFE19_UWBChipLifeCycle_Fbl_DefaultSession_27052"></capltestcase>
<capltestcase name="TCS_PK_HGT_AnchorUDSServer_ReadDataByIdentifier_NRC31_DIDFE19_UWBChipLifeCycle_Fbl_ExtendedSession_NoSecurityLevel_27116"></capltestcase>
<capltestcase name="TCS_PK_HGT_AnchorUDSServer_ReadDataByIdentifier_NRC31_DIDFE19_UWBChipLifeCycle_Fbl_ProgrammingSession_NoSecurityLevel_27080"></capltestcase>
<capltestcase name="TCS_PK_HGT_AnchorUDSServer_ReadDataByIdentifier_NRC31_DIDFE1A_BLEorMiniMCURuntimeStats_App_DefaultSession_32292"></capltestcase>
<capltestcase name="TCS_PK_HGT_AnchorUDSServer_ReadDataByIdentifier_NRC31_DIDFE1A_BLEorMiniMCURuntimeStats_Fbl_DefaultSession_32416"></capltestcase>
<capltestcase name="TCS_PK_HGT_AnchorUDSServer_ReadDataByIdentifier_NRC31_DIDFE1A_BLEorMiniMCURuntimeStats_Fbl_ExtendedSession_NoSecurityLevel_32623"></capltestcase>
<capltestcase name="TCS_PK_HGT_AnchorUDSServer_ReadDataByIdentifier_NRC31_DIDFE1A_BLEorMiniMCURuntimeStats_Fbl_ProgrammingSession_NoSecurityLevel_25740"></capltestcase>
<capltestcase name="TCS_PK_HGT_AnchorUDSServer_ReadDataByIdentifier_NRC31_DIDFE1C_UWBRuntimeStats_App_DefaultSession_26058"></capltestcase>
<capltestcase name="TCS_PK_HGT_AnchorUDSServer_ReadDataByIdentifier_NRC31_DIDFE1C_UWBRuntimeStats_Fbl_DefaultSession_30387"></capltestcase>
<capltestcase name="TCS_PK_HGT_AnchorUDSServer_ReadDataByIdentifier_NRC31_DIDFE1C_UWBRuntimeStats_Fbl_ExtendedSession_NoSecurityLevel_30544"></capltestcase>
<capltestcase name="TCS_PK_HGT_AnchorUDSServer_ReadDataByIdentifier_NRC31_DIDFE1C_UWBRuntimeStats_Fbl_ProgrammingSession_NoSecurityLevel_26947"></capltestcase>
<capltestcase name="TCS_PK_HGT_AnchorUDSServer_ReadDataByIdentifier_NRC31_DIDFE25_SwupStatus_App_DefaultSession_28351"></capltestcase>
<capltestcase name="TCS_PK_HGT_AnchorUDSServer_ReadDataByIdentifier_NRC31_DIDFE25_SwupStatus_Fbl_DefaultSession_26316"></capltestcase>
<capltestcase name="TCS_PK_HGT_AnchorUDSServer_ReadDataByIdentifier_NRC31_DIDFE26_R4AppSignature_App_DefaultSession_29347"></capltestcase>
<capltestcase name="TCS_PK_HGT_AnchorUDSServer_ReadDataByIdentifier_NRC31_DIDFE26_R4AppSignature_Fbl_DefaultSession_28244"></capltestcase>
<capltestcase name="TCS_PK_HGT_AnchorUDSServer_ReadDataByIdentifier_NRC31_DIDFE27_R4DspSignature_App_DefaultSession_30232"></capltestcase>
<capltestcase name="TCS_PK_HGT_AnchorUDSServer_ReadDataByIdentifier_NRC31_DIDFE27_R4DspSignature_Fbl_DefaultSession_32945"></capltestcase>
<capltestcase name="TCS_PK_HGT_AnchorUDSServer_ReadDataByIdentifier_NRC31_DIDFE33_BLEChipTemp_App_DefaultSession_27787"></capltestcase>
<capltestcase name="TCS_PK_HGT_AnchorUDSServer_ReadDataByIdentifier_NRC31_DIDFE33_BLEChipTemp_Fbl_DefaultSession_32497"></capltestcase>
<capltestcase name="TCS_PK_HGT_AnchorUDSServer_ReadDataByIdentifier_NRC31_DIDFE33_BLEChipTemp_Fbl_ExtendedSession_NoSecurityLevel_32559"></capltestcase>
<capltestcase name="TCS_PK_HGT_AnchorUDSServer_ReadDataByIdentifier_NRC31_DIDFE33_BLEChipTemp_Fbl_ProgrammingSession_NoSecurityLevel_29159"></capltestcase>
<capltestcase name="TCS_PK_HGT_AnchorUDSServer_ReadDataByIdentifier_NRC31_DIDFE34_BLEResetCount_App_DefaultSession_30400"></capltestcase>
<capltestcase name="TCS_PK_HGT_AnchorUDSServer_ReadDataByIdentifier_NRC31_DIDFE34_BLEResetCount_Fbl_DefaultSession_29722"></capltestcase>
<capltestcase name="TCS_PK_HGT_AnchorUDSServer_ReadDataByIdentifier_NRC31_DIDFE34_BLEResetCount_Fbl_ExtendedSession_NoSecurityLevel_29520"></capltestcase>
<capltestcase name="TCS_PK_HGT_AnchorUDSServer_ReadDataByIdentifier_NRC31_DIDFE34_BLEResetCount_Fbl_ProgrammingSession_NoSecurityLevel_31603"></capltestcase>
<capltestcase name="TCS_PK_HGT_AnchorUDSServer_ReadDataByIdentifier_NRC31_DIDFE35_BLEResetCause_App_DefaultSession_30036"></capltestcase>
<capltestcase name="TCS_PK_HGT_AnchorUDSServer_ReadDataByIdentifier_NRC31_DIDFE35_BLEResetCause_Fbl_DefaultSession_33038"></capltestcase>
<capltestcase name="TCS_PK_HGT_AnchorUDSServer_ReadDataByIdentifier_NRC31_DIDFE35_BLEResetCause_Fbl_ExtendedSession_NoSecurityLevel_33149"></capltestcase>
<capltestcase name="TCS_PK_HGT_AnchorUDSServer_ReadDataByIdentifier_NRC31_DIDFE35_BLEResetCause_Fbl_ProgrammingSession_NoSecurityLevel_30438"></capltestcase>
<capltestcase name="TCS_PK_HGT_AnchorUDSServer_ReadDataByIdentifier_NRC31_DIDFE40_FirstFourBytesOfPublicKeys_App_DefaultSession_30912"></capltestcase>
<capltestcase name="TCS_PK_HGT_AnchorUDSServer_ReadDataByIdentifier_NRC31_DIDFE40_FirstFourBytesOfPublicKeys_Fbl_DefaultSession_28291"></capltestcase>
<capltestcase name="TCS_PK_HGT_AnchorUDSServer_ReadDataByIdentifier_NRC31_DIDFE40_FirstFourBytesOfPublicKeys_Fbl_ExtendedSession_NoSecurityLevel_28433"></capltestcase>
<capltestcase name="TCS_PK_HGT_AnchorUDSServer_ReadDataByIdentifier_NRC31_DIDFE40_FirstFourBytesOfPublicKeys_Fbl_ProgrammingSession_NoSecurityLevel_30892"></capltestcase>
<capltestcase name="TCS_PK_HGT_AnchorUDSServer_ReadDataByIdentifier_NRC31_DIDFE43_BLEResolvablePrivateAddress_App_DefaultSession_27161"></capltestcase>
<capltestcase name="TCS_PK_HGT_AnchorUDSServer_ReadDataByIdentifier_NRC31_DIDFE43_BLEResolvablePrivateAddress_Fbl_DefaultSession_26278"></capltestcase>
<capltestcase name="TCS_PK_HGT_AnchorUDSServer_ReadDataByIdentifier_NRC31_DIDFE43_BLEResolvablePrivateAddress_Fbl_ExtendedSession_NoSecurityLevel_26347"></capltestcase>
<capltestcase name="TCS_PK_HGT_AnchorUDSServer_ReadDataByIdentifier_NRC31_DIDFE43_BLEResolvablePrivateAddress_Fbl_ProgrammingSession_NoSecurityLevel_27948"></capltestcase>
<capltestcase name="TCS_PK_HGT_AnchorUDSServer_ReadDataByIdentifier_NRC31_DIDFEA4_RFTestMode_App_DefaultSession_30900"></capltestcase>
<capltestcase name="TCS_PK_HGT_AnchorUDSServer_ReadDataByIdentifier_NRC31_DIDFEA4_RFTestMode_Fbl_DefaultSession_27061"></capltestcase>
<capltestcase name="TCS_PK_HGT_AnchorUDSServer_ReadDataByIdentifier_NRC31_DIDFEA4_RFTestMode_Fbl_ExtendedSession_NoSecurityLevel_27104"></capltestcase>
<capltestcase name="TCS_PK_HGT_AnchorUDSServer_ReadDataByIdentifier_NRC31_DIDFEA4_RFTestMode_Fbl_ProgrammingSession_NoSecurityLevel_30886"></capltestcase>
<capltestcase name="TCS_PK_HGT_AnchorUDSServer_ReadDataByIdentifier_NRC31_DIDFEB0_UWBPropagationDelayCalibration_App_DefaultSession_30880"></capltestcase>
<capltestcase name="TCS_PK_HGT_AnchorUDSServer_ReadDataByIdentifier_NRC31_DIDFEB0_UWBPropagationDelayCalibration_Fbl_DefaultSession_30030"></capltestcase>
<capltestcase name="TCS_PK_HGT_AnchorUDSServer_ReadDataByIdentifier_NRC31_DIDFEB0_UWBPropagationDelayCalibration_Fbl_ExtendedSession_NoSecurityLevel_30067"></capltestcase>
<capltestcase name="TCS_PK_HGT_AnchorUDSServer_ReadDataByIdentifier_NRC31_DIDFEB0_UWBPropagationDelayCalibration_Fbl_ProgrammingSession_NoSecurityLevel_30873"></capltestcase>
<capltestcase name="TCS_PK_HGT_AnchorUDSServer_ReadDataByIdentifier_NRC31_DIDFEB1_UWBRadioTXPower_App_DefaultSession_30867"></capltestcase>
<capltestcase name="TCS_PK_HGT_AnchorUDSServer_ReadDataByIdentifier_NRC31_DIDFEB1_UWBRadioTXPower_Fbl_DefaultSession_25851"></capltestcase>
<capltestcase name="TCS_PK_HGT_AnchorUDSServer_ReadDataByIdentifier_NRC31_DIDFEB1_UWBRadioTXPower_Fbl_ExtendedSession_NoSecurityLevel_25807"></capltestcase>
<capltestcase name="TCS_PK_HGT_AnchorUDSServer_ReadDataByIdentifier_NRC31_DIDFEB1_UWBRadioTXPower_Fbl_ProgrammingSession_NoSecurityLevel_30860"></capltestcase>
<capltestcase name="TCS_PK_HGT_AnchorUDSServer_ReadDataByIdentifier_NRC31_DIDFEB2_UWBCentreFrequencyCalibrationBaseOffset_App_DefaultSession_30830"></capltestcase>
<capltestcase name="TCS_PK_HGT_AnchorUDSServer_ReadDataByIdentifier_NRC31_DIDFEB2_UWBCentreFrequencyCalibrationBaseOffset_Fbl_DefaultSession_29953"></capltestcase>
<capltestcase name="TCS_PK_HGT_AnchorUDSServer_ReadDataByIdentifier_NRC31_DIDFEB2_UWBCentreFrequencyCalibrationBaseOffset_Fbl_ExtendedSession_NoSecurityLevel_30098"></capltestcase>
<capltestcase name="TCS_PK_HGT_AnchorUDSServer_ReadDataByIdentifier_NRC31_DIDFEB2_UWBCentreFrequencyCalibrationBaseOffset_Fbl_ProgramminSession_NoSecurityLevel_30854"></capltestcase>
<capltestcase name="TCS_PK_HGT_AnchorUDSServer_ReadDataByIdentifier_NRC31_DIDFED8_ECUType_App_DefaultSession_30842"></capltestcase>
<capltestcase name="TCS_PK_HGT_AnchorUDSServer_ReadDataByIdentifier_NRC31_DIDFED8_ECUType_Fbl_DefaultSession_28530"></capltestcase>
<capltestcase name="TCS_PK_HGT_AnchorUDSServer_ReadDataByIdentifier_NRC31_DIDFED8_ECUType_Fbl_ExtendedSession_NoSecurityLevel_28593"></capltestcase>
<capltestcase name="TCS_PK_HGT_AnchorUDSServer_ReadDataByIdentifier_NRC31_DIDFED8_ECUType_Fbl_ProgrammingSession_NoSecurityLevel_30836"></capltestcase>
<capltestcase name="TCS_PK_HGT_AnchorUDSServer_ReadDataByIdentifier_NRC31_DIDFED9_AnchorPositionIdx_App_DefaultSession_30824"></capltestcase>
<capltestcase name="TCS_PK_HGT_AnchorUDSServer_ReadDataByIdentifier_NRC31_DIDFED9_AnchorPositionIdx_Fbl_DefaultSession_32703"></capltestcase>
<capltestcase name="TCS_PK_HGT_AnchorUDSServer_ReadDataByIdentifier_NRC31_DIDFED9_AnchorPositionIdx_Fbl_ExtendedSession_NoSecurityLevel_32753"></capltestcase>
<capltestcase name="TCS_PK_HGT_AnchorUDSServer_ReadDataByIdentifier_NRC31_DIDFED9_AnchorPositionIdx_Fbl_ProgrammingSession_NoSecurityLevel_30818"></capltestcase>
<capltestcase name="TCS_PK_HGT_AnchorUDSServer_ReadDataByIdentifier_NRC31_DIDFEE0_ECUCompatibilityNumber_App_DefaultSession_30785"></capltestcase>
<capltestcase name="TCS_PK_HGT_AnchorUDSServer_ReadDataByIdentifier_NRC31_DIDFEE0_ECUCompatibilityNumber_Fbl_DefaultSession_27941"></capltestcase>
<capltestcase name="TCS_PK_HGT_AnchorUDSServer_ReadDataByIdentifier_NRC31_DIDFEE0_ECUCompatibilityNumber_Fbl_ExtendedSession_NoSecurityLevel_28269"></capltestcase>
<capltestcase name="TCS_PK_HGT_AnchorUDSServer_ReadDataByIdentifier_NRC31_DIDFEE0_ECUCompatibilityNumber_Fbl_ProgrammingSession_NoSecurityLevel_30811"></capltestcase>
<capltestcase name="TCS_PK_HGT_AnchorUDSServer_ReadDataByIdentifier_NRC31_DIDFEE1_ECUChipData_App_DefaultSession_29266"></capltestcase>
<capltestcase name="TCS_PK_HGT_AnchorUDSServer_ReadDataByIdentifier_NRC31_DIDFEE1_ECUChipData_Fbl_DefaultSession_31407"></capltestcase>
<capltestcase name="TCS_PK_HGT_AnchorUDSServer_ReadDataByIdentifier_NRC31_DIDFEE1_ECUChipData_Fbl_ProgrammingSession_NoSecurityLevel_31828"></capltestcase>
<capltestcase name="TCS_PK_HGT_AnchorUDSServer_ReadDataByIdentifier_NRC31_NotImplementedDIDs_App_DefaultSession_32104"></capltestcase>
<capltestcase name="TCS_PK_HGT_AnchorUDSServer_ReadDataByIdentifier_NRC31_NotImplementedDIDs_App_ExtendedSession_NoSecurityLevel_29489"></capltestcase>
<capltestcase name="TCS_PK_HGT_AnchorUDSServer_ReadDataByIdentifier_NRC31_NotImplementedDIDs_Fbl_DefaultSession_28524"></capltestcase>
<capltestcase name="TCS_PK_HGT_AnchorUDSServer_ReadDataByIdentifier_NRC31_NotImplementedDIDs_Fbl_ExtendedSession_NoSecurityLevel_28469"></capltestcase>
<capltestcase name="TCS_PK_HGT_AnchorUDSServer_ReadDataByIdentifier_NRC31_NotImplementedDIDs_Fbl_ProgrammingSession_NoSecurityLevel_27257"></capltestcase>
<capltestcase name="TCS_PK_HGT_AnchorUDSServer_ReadDataByIdentifier_NRC31_UnsupportedDID_App_DefaultSession_31006"></capltestcase>
<capltestcase name="TCS_PK_HGT_AnchorUDSServer_ReadDataByIdentifier_NRC31_UnsupportedDID_App_ExtendedSession_NoSecurityLevel_30803"></capltestcase>
<capltestcase name="TCS_PK_HGT_AnchorUDSServer_ReadDataByIdentifier_NRC31_UnsupportedDID_Fbl_DefaultSession_32659"></capltestcase>
<capltestcase name="TCS_PK_HGT_AnchorUDSServer_ReadDataByIdentifier_NRC31_UnsupportedDID_Fbl_ExtendedSession_NoSecurityLevel_32784"></capltestcase>
<capltestcase name="TCS_PK_HGT_AnchorUDSServer_ReadDataByIdentifier_NRC31_UnsupportedDID_Fbl_ProgrammingSession_NoSecurityLevel_30797"></capltestcase>


</testgroup>
	

</testmodule>