<?xml version="1.0" encoding="iso-8859-1" standalone="yes"?>
<testmodule title="HGT_PK-Diagnostics" version="">


			
<testgroup title="TSU_PK_HGT_AnchorUDSServer_RoutineControl_NRC31">

<capltestcase name="TCS_PK_HGT_AnchorUDSServer_RoutineControl_NRC31_BLERIDs_App_ExtendedSession_NoSecurityLevel_25839"></capltestcase>
<capltestcase name="TCS_PK_HGT_AnchorUDSServer_RoutineControl_NRC31_RIDFA01_Fbl_ExtendedSession_0x61SecurityLevel_26498"></capltestcase>
<capltestcase name="TCS_PK_HGT_AnchorUDSServer_RoutineControl_NRC31_RIDFA01_Fbl_ProgrammingSession_0x61SecurityLevel_28494"></capltestcase>
<capltestcase name="TCS_PK_HGT_AnchorUDSServer_RoutineControl_NRC31_RIDFA02_Fbl_ExtendedSession_0x61SecurityLevel_25683"></capltestcase>
<capltestcase name="TCS_PK_HGT_AnchorUDSServer_RoutineControl_NRC31_RIDFA02_Fbl_ProgrammingSession_0x61SecurityLevel_27749"></capltestcase>
<capltestcase name="TCS_PK_HGT_AnchorUDSServer_RoutineControl_NRC31_RIDFA03_Fbl_ExtendedSession_0x61SecurityLevel_26298"></capltestcase>
<capltestcase name="TCS_PK_HGT_AnchorUDSServer_RoutineControl_NRC31_RIDFA03_Fbl_ProgrammingSession_0x61SecurityLevel_30407"></capltestcase>
<capltestcase name="TCS_PK_HGT_AnchorUDSServer_RoutineControl_NRC31_RIDFA04_Fbl_ExtendedSession_0x61SecurityLevel_29923"></capltestcase>
<capltestcase name="TCS_PK_HGT_AnchorUDSServer_RoutineControl_NRC31_RIDFA04_Fbl_ProgrammingSession_0x61SecurityLevel_31394"></capltestcase>
<capltestcase name="TCS_PK_HGT_AnchorUDSServer_RoutineControl_NRC31_RIDFA05_Fbl_ExtendedSession_0x61SecurityLevel_27154"></capltestcase>
<capltestcase name="TCS_PK_HGT_AnchorUDSServer_RoutineControl_NRC31_RIDFA05_Fbl_ProgrammingSession_0x61SecurityLevel_32428"></capltestcase>
<capltestcase name="TCS_PK_HGT_AnchorUDSServer_RoutineControl_NRC31_RIDFA08_Fbl_ExtendedSession_0x61SecurityLevel_27891"></capltestcase>
<capltestcase name="TCS_PK_HGT_AnchorUDSServer_RoutineControl_NRC31_RIDFA08_Fbl_ProgrammingSession_0x61SecurityLevel_26966"></capltestcase>
<capltestcase name="TCS_PK_HGT_AnchorUDSServer_RoutineControl_NRC31_RIDFA09_Fbl_ExtendedSession_0x61SecurityLevel_28474"></capltestcase>
<capltestcase name="TCS_PK_HGT_AnchorUDSServer_RoutineControl_NRC31_RIDFA09_Fbl_ProgrammingSession_0x61SecurityLevel_28057"></capltestcase>
<capltestcase name="TCS_PK_HGT_AnchorUDSServer_RoutineControl_NRC31_RIDFA0A_Fbl_ExtendedSession_0x61SecurityLevel_29248"></capltestcase>
<capltestcase name="TCS_PK_HGT_AnchorUDSServer_RoutineControl_NRC31_RIDFA0A_Fbl_ProgrammingSession_0x61SecurityLevel_25603"></capltestcase>
<capltestcase name="TCS_PK_HGT_AnchorUDSServer_RoutineControl_NRC31_RIDFA0B_Fbl_ExtendedSession_0x61SecurityLevel_29877"></capltestcase>
<capltestcase name="TCS_PK_HGT_AnchorUDSServer_RoutineControl_NRC31_RIDFA0B_Fbl_ProgrammingSession_0x61SecurityLevel_26103"></capltestcase>
<capltestcase name="TCS_PK_HGT_AnchorUDSServer_RoutineControl_NRC31_RIDFA11_Fbl_ExtendedSession_0x61SecurityLevel_32205"></capltestcase>
<capltestcase name="TCS_PK_HGT_AnchorUDSServer_RoutineControl_NRC31_RIDFA11_Fbl_ProgrammingSession_0x61SecurityLevel_28783"></capltestcase>
<capltestcase name="TCS_PK_HGT_AnchorUDSServer_RoutineControl_NRC31_RIDFA13_Fbl_ExtendedSession_0x61SecurityLevel_25877"></capltestcase>
<capltestcase name="TCS_PK_HGT_AnchorUDSServer_RoutineControl_NRC31_RIDFA13_Fbl_ProgrammingSession_0x61SecurityLevel_31521"></capltestcase>
<capltestcase name="TCS_PK_HGT_AnchorUDSServer_RoutineControl_NRC31_RIDFA1B_Fbl_ExtendedSession_0x61SecurityLevel_26549"></capltestcase>
<capltestcase name="TCS_PK_HGT_AnchorUDSServer_RoutineControl_NRC31_RIDFA1B_Fbl_ProgrammingSession_0x61SecurityLevel_32802"></capltestcase>
<capltestcase name="TCS_PK_HGT_AnchorUDSServer_RoutineControl_NRC31_RIDFA20_Fbl_ExtendedSession_0x61SecurityLevel_26960"></capltestcase>
<capltestcase name="TCS_PK_HGT_AnchorUDSServer_RoutineControl_NRC31_RIDFA20_Fbl_ProgrammingSession_0x61SecurityLevel_26941"></capltestcase>
<capltestcase name="TCS_PK_HGT_AnchorUDSServer_RoutineControl_NRC31_RIDFA30_Fbl_ExtendedSession_0x61SecurityLevel_30678"></capltestcase>
<capltestcase name="TCS_PK_HGT_AnchorUDSServer_RoutineControl_NRC31_RIDFA30_Fbl_ProgrammingSession_0x61SecurityLevel_32317"></capltestcase>
<capltestcase name="TCS_PK_HGT_AnchorUDSServer_RoutineControl_NRC31_RIDFA31_Fbl_ExtendedSession_0x61SecurityLevel_32097"></capltestcase>
<capltestcase name="TCS_PK_HGT_AnchorUDSServer_RoutineControl_NRC31_RIDFA31_Fbl_ProgrammingSession_0x61SecurityLevel_33168"></capltestcase>
<capltestcase name="TCS_PK_HGT_AnchorUDSServer_RoutineControl_NRC31_RIDFA32_Fbl_ExtendedSession_0x61SecurityLevel_32452"></capltestcase>
<capltestcase name="TCS_PK_HGT_AnchorUDSServer_RoutineControl_NRC31_RIDFA32_Fbl_ProgrammingSession_0x61SecurityLevel_25940"></capltestcase>
<capltestcase name="TCS_PK_HGT_AnchorUDSServer_RoutineControl_NRC31_RIDFAA0_Fbl_ExtendedSession_0x61SecurityLevel_28328"></capltestcase>
<capltestcase name="TCS_PK_HGT_AnchorUDSServer_RoutineControl_NRC31_RIDFAA0_Fbl_ProgrammingSession_0x61SecurityLevel_26616"></capltestcase>
<capltestcase name="TCS_PK_HGT_AnchorUDSServer_RoutineControl_NRC31_RIDFB32_Fbl_ExtendedSession_0x61SecurityLevel_29456"></capltestcase>
<capltestcase name="TCS_PK_HGT_AnchorUDSServer_RoutineControl_NRC31_RIDFB32_Fbl_ProgrammingSession_0x61SecurityLevel_26115"></capltestcase>
<capltestcase name="TCS_PK_HGT_AnchorUDSServer_RoutineControl_NRC31_RIDFB33_Fbl_ExtendedSession_0x61SecurityLevel_32994"></capltestcase>
<capltestcase name="TCS_PK_HGT_AnchorUDSServer_RoutineControl_NRC31_RIDFB33_Fbl_ProgrammingSession_0x61SecurityLevel_28481"></capltestcase>
<capltestcase name="TCS_PK_HGT_AnchorUDSServer_RoutineControl_NRC31_RIDFB35_Fbl_ExtendedSession_0x61SecurityLevel_26237"></capltestcase>
<capltestcase name="TCS_PK_HGT_AnchorUDSServer_RoutineControl_NRC31_RIDFB35_Fbl_ProgrammingSession_0x61SecurityLevel_30219"></capltestcase>
<capltestcase name="TCS_PK_HGT_AnchorUDSServer_RoutineControl_NRC31_RIDFB36_Fbl_ExtendedSession_0x61SecurityLevel_26631"></capltestcase>
<capltestcase name="TCS_PK_HGT_AnchorUDSServer_RoutineControl_NRC31_RIDFB36_Fbl_ProgrammingSession_0x61SecurityLevel_31816"></capltestcase>
<capltestcase name="TCS_PK_HGT_AnchorUDSServer_RoutineControl_NRC31_RIDFB38_Fbl_ExtendedSession_0x61SecurityLevel_27142"></capltestcase>
<capltestcase name="TCS_PK_HGT_AnchorUDSServer_RoutineControl_NRC31_RIDFB38_Fbl_ProgrammingSession_0x61SecurityLevel_25959"></capltestcase>
<capltestcase name="TCS_PK_HGT_AnchorUDSServer_RoutineControl_NRC31_RIDFB3A_Fbl_ExtendedSession_0x61SecurityLevel_25795"></capltestcase>
<capltestcase name="TCS_PK_HGT_AnchorUDSServer_RoutineControl_NRC31_RIDFB3A_Fbl_ProgrammingSession_0x61SecurityLevel_29527"></capltestcase>
<capltestcase name="TCS_PK_HGT_AnchorUDSServer_RoutineControl_NRC31_RIDFB3B_Fbl_ExtendedSession_0x61SecurityLevel_27603"></capltestcase>
<capltestcase name="TCS_PK_HGT_AnchorUDSServer_RoutineControl_NRC31_RIDFB3B_Fbl_ProgrammingSession_0x61SecurityLevel_32578"></capltestcase>
<capltestcase name="TCS_PK_HGT_AnchorUDSServer_RoutineControl_NRC31_RIDFB40_Fbl_ExtendedSession_0x61SecurityLevel_30251"></capltestcase>
<capltestcase name="TCS_PK_HGT_AnchorUDSServer_RoutineControl_NRC31_RIDFB40_Fbl_ProgrammingSession_0x61SecurityLevel_26109"></capltestcase>
<capltestcase name="TCS_PK_HGT_AnchorUDSServer_RoutineControl_NRC31_RIDFB41_Fbl_ExtendedSession_0x61SecurityLevel_30671"></capltestcase>
<capltestcase name="TCS_PK_HGT_AnchorUDSServer_RoutineControl_NRC31_RIDFB41_Fbl_ProgrammingSession_0x61SecurityLevel_26122"></capltestcase>
<capltestcase name="TCS_PK_HGT_AnchorUDSServer_RoutineControl_NRC31_RIDFB42_Fbl_ExtendedSession_0x61SecurityLevel_31609"></capltestcase>
<capltestcase name="TCS_PK_HGT_AnchorUDSServer_RoutineControl_NRC31_RIDFB42_Fbl_ProgrammingSession_0x61SecurityLevel_27550"></capltestcase>
<capltestcase name="TCS_PK_HGT_AnchorUDSServer_RoutineControl_NRC31_RIDFB43_Fbl_ExtendedSession_0x61SecurityLevel_32528"></capltestcase>
<capltestcase name="TCS_PK_HGT_AnchorUDSServer_RoutineControl_NRC31_RIDFB43_Fbl_ProgrammingSession_0x61SecurityLevel_28426"></capltestcase>
<capltestcase name="TCS_PK_HGT_AnchorUDSServer_RoutineControl_NRC31_S32RIDs_App_ExtendedSession_NoSecurityLevel_33156"></capltestcase>
<capltestcase name="TCS_PK_HGT_AnchorUDSServer_RoutineControl_NRC31_UnsupportedRIDs_App_ExtendedSession_NoSecurityLevel_26128"></capltestcase>
<capltestcase name="TCS_PK_HGT_AnchorUDSServer_RoutineControl_NRC31_UnsupportedRIDs_Fbl_ExtendedSession_0x61SecurityLevel_27774"></capltestcase>
<capltestcase name="TCS_PK_HGT_AnchorUDSServer_RoutineControl_NRC31_UnsupportedRIDs_Fbl_ProgrammingSession_NoSecurityLevel_26135"></capltestcase>

</testgroup>
	

</testmodule>